name,id,order,sprite
Bulbasaur,1,1,https://raw.githubusercontent.com/PokeAPI/sprites/master/sprites/pokemon/1.png
Ivysaur,2,2,https://raw.githubusercontent.com/PokeAPI/sprites/master/sprites/pokemon/2.png
Venusaur,3,3,https://raw.githubusercontent.com/PokeAPI/sprites/master/sprites/pokemon/3.png
Charmander,4,5,https://raw.githubusercontent.com/PokeAPI/sprites/master/sprites/pokemon/4.png
Charmeleon,5,6,https://raw.githubusercontent.com/PokeAPI/sprites/master/sprites/pokemon/5.png
Charizard,6,7,https://raw.githubusercontent.com/PokeAPI/sprites/master/sprites/pokemon/6.png
Squirtle,7,10,https://raw.githubusercontent.com/PokeAPI/sprites/master/sprites/pokemon/7.png
Wartortle,8,11,https://raw.githubusercontent.com/PokeAPI/sprites/master/sprites/pokemon/8.png
Blastoise,9,12,https://raw.githubusercontent.com/PokeAPI/sprites/master/sprites/pokemon/9.png
Caterpie,10,14,https://raw.githubusercontent.com/PokeAPI/sprites/master/sprites/pokemon/10.png
Metapod,11,15,https://raw.githubusercontent.com/PokeAPI/sprites/master/sprites/pokemon/11.png
Butterfree,12,16,https://raw.githubusercontent.com/PokeAPI/sprites/master/sprites/pokemon/12.png
Weedle,13,17,https://raw.githubusercontent.com/PokeAPI/sprites/master/sprites/pokemon/13.png
Kakuna,14,18,https://raw.githubusercontent.com/PokeAPI/sprites/master/sprites/pokemon/14.png
Beedrill,15,19,https://raw.githubusercontent.com/PokeAPI/sprites/master/sprites/pokemon/15.png
Pidgey,16,21,https://raw.githubusercontent.com/PokeAPI/sprites/master/sprites/pokemon/16.png
Pidgeotto,17,22,https://raw.githubusercontent.com/PokeAPI/sprites/master/sprites/pokemon/17.png
Pidgeot,18,23,https://raw.githubusercontent.com/PokeAPI/sprites/master/sprites/pokemon/18.png
Rattata,19,25,https://raw.githubusercontent.com/PokeAPI/sprites/master/sprites/pokemon/19.png
Raticate,20,27,https://raw.githubusercontent.com/PokeAPI/sprites/master/sprites/pokemon/20.png
Spearow,21,30,https://raw.githubusercontent.com/PokeAPI/sprites/master/sprites/pokemon/21.png
Fearow,22,31,https://raw.githubusercontent.com/PokeAPI/sprites/master/sprites/pokemon/22.png
Ekans,23,32,https://raw.githubusercontent.com/PokeAPI/sprites/master/sprites/pokemon/23.png
Arbok,24,33,https://raw.githubusercontent.com/PokeAPI/sprites/master/sprites/pokemon/24.png
Pikachu,25,35,https://raw.githubusercontent.com/PokeAPI/sprites/master/sprites/pokemon/25.png
Raichu,26,51,https://raw.githubusercontent.com/PokeAPI/sprites/master/sprites/pokemon/26.png
Sandshrew,27,53,https://raw.githubusercontent.com/PokeAPI/sprites/master/sprites/pokemon/27.png
Sandslash,28,55,https://raw.githubusercontent.com/PokeAPI/sprites/master/sprites/pokemon/28.png
Nidoran-f,29,57,https://raw.githubusercontent.com/PokeAPI/sprites/master/sprites/pokemon/29.png
Nidorina,30,58,https://raw.githubusercontent.com/PokeAPI/sprites/master/sprites/pokemon/30.png
Nidoqueen,31,59,https://raw.githubusercontent.com/PokeAPI/sprites/master/sprites/pokemon/31.png
Nidoran-m,32,60,https://raw.githubusercontent.com/PokeAPI/sprites/master/sprites/pokemon/32.png
Nidorino,33,61,https://raw.githubusercontent.com/PokeAPI/sprites/master/sprites/pokemon/33.png
Nidoking,34,62,https://raw.githubusercontent.com/PokeAPI/sprites/master/sprites/pokemon/34.png
Clefairy,35,64,https://raw.githubusercontent.com/PokeAPI/sprites/master/sprites/pokemon/35.png
Clefable,36,65,https://raw.githubusercontent.com/PokeAPI/sprites/master/sprites/pokemon/36.png
Vulpix,37,66,https://raw.githubusercontent.com/PokeAPI/sprites/master/sprites/pokemon/37.png
Ninetales,38,68,https://raw.githubusercontent.com/PokeAPI/sprites/master/sprites/pokemon/38.png
Jigglypuff,39,71,https://raw.githubusercontent.com/PokeAPI/sprites/master/sprites/pokemon/39.png
Wigglytuff,40,72,https://raw.githubusercontent.com/PokeAPI/sprites/master/sprites/pokemon/40.png
Zubat,41,73,https://raw.githubusercontent.com/PokeAPI/sprites/master/sprites/pokemon/41.png
Golbat,42,74,https://raw.githubusercontent.com/PokeAPI/sprites/master/sprites/pokemon/42.png
Oddish,43,76,https://raw.githubusercontent.com/PokeAPI/sprites/master/sprites/pokemon/43.png
Gloom,44,77,https://raw.githubusercontent.com/PokeAPI/sprites/master/sprites/pokemon/44.png
Vileplume,45,78,https://raw.githubusercontent.com/PokeAPI/sprites/master/sprites/pokemon/45.png
Paras,46,80,https://raw.githubusercontent.com/PokeAPI/sprites/master/sprites/pokemon/46.png
Parasect,47,81,https://raw.githubusercontent.com/PokeAPI/sprites/master/sprites/pokemon/47.png
Venonat,48,82,https://raw.githubusercontent.com/PokeAPI/sprites/master/sprites/pokemon/48.png
Venomoth,49,83,https://raw.githubusercontent.com/PokeAPI/sprites/master/sprites/pokemon/49.png
Diglett,50,84,https://raw.githubusercontent.com/PokeAPI/sprites/master/sprites/pokemon/50.png
Dugtrio,51,86,https://raw.githubusercontent.com/PokeAPI/sprites/master/sprites/pokemon/51.png
Meowth,52,88,https://raw.githubusercontent.com/PokeAPI/sprites/master/sprites/pokemon/52.png
Persian,53,91,https://raw.githubusercontent.com/PokeAPI/sprites/master/sprites/pokemon/53.png
Psyduck,54,93,https://raw.githubusercontent.com/PokeAPI/sprites/master/sprites/pokemon/54.png
Golduck,55,94,https://raw.githubusercontent.com/PokeAPI/sprites/master/sprites/pokemon/55.png
Mankey,56,95,https://raw.githubusercontent.com/PokeAPI/sprites/master/sprites/pokemon/56.png
Primeape,57,96,https://raw.githubusercontent.com/PokeAPI/sprites/master/sprites/pokemon/57.png
Growlithe,58,97,https://raw.githubusercontent.com/PokeAPI/sprites/master/sprites/pokemon/58.png
Arcanine,59,98,https://raw.githubusercontent.com/PokeAPI/sprites/master/sprites/pokemon/59.png
Poliwag,60,99,https://raw.githubusercontent.com/PokeAPI/sprites/master/sprites/pokemon/60.png
Poliwhirl,61,100,https://raw.githubusercontent.com/PokeAPI/sprites/master/sprites/pokemon/61.png
Poliwrath,62,101,https://raw.githubusercontent.com/PokeAPI/sprites/master/sprites/pokemon/62.png
Abra,63,103,https://raw.githubusercontent.com/PokeAPI/sprites/master/sprites/pokemon/63.png
Kadabra,64,104,https://raw.githubusercontent.com/PokeAPI/sprites/master/sprites/pokemon/64.png
Alakazam,65,105,https://raw.githubusercontent.com/PokeAPI/sprites/master/sprites/pokemon/65.png
Machop,66,107,https://raw.githubusercontent.com/PokeAPI/sprites/master/sprites/pokemon/66.png
Machoke,67,108,https://raw.githubusercontent.com/PokeAPI/sprites/master/sprites/pokemon/67.png
Machamp,68,109,https://raw.githubusercontent.com/PokeAPI/sprites/master/sprites/pokemon/68.png
Bellsprout,69,110,https://raw.githubusercontent.com/PokeAPI/sprites/master/sprites/pokemon/69.png
Weepinbell,70,111,https://raw.githubusercontent.com/PokeAPI/sprites/master/sprites/pokemon/70.png
Victreebel,71,112,https://raw.githubusercontent.com/PokeAPI/sprites/master/sprites/pokemon/71.png
Tentacool,72,113,https://raw.githubusercontent.com/PokeAPI/sprites/master/sprites/pokemon/72.png
Tentacruel,73,114,https://raw.githubusercontent.com/PokeAPI/sprites/master/sprites/pokemon/73.png
Geodude,74,115,https://raw.githubusercontent.com/PokeAPI/sprites/master/sprites/pokemon/74.png
Graveler,75,117,https://raw.githubusercontent.com/PokeAPI/sprites/master/sprites/pokemon/75.png
Golem,76,119,https://raw.githubusercontent.com/PokeAPI/sprites/master/sprites/pokemon/76.png
Ponyta,77,121,https://raw.githubusercontent.com/PokeAPI/sprites/master/sprites/pokemon/77.png
Rapidash,78,123,https://raw.githubusercontent.com/PokeAPI/sprites/master/sprites/pokemon/78.png
Slowpoke,79,125,https://raw.githubusercontent.com/PokeAPI/sprites/master/sprites/pokemon/79.png
Slowbro,80,127,https://raw.githubusercontent.com/PokeAPI/sprites/master/sprites/pokemon/80.png
Magnemite,81,132,https://raw.githubusercontent.com/PokeAPI/sprites/master/sprites/pokemon/81.png
Magneton,82,133,https://raw.githubusercontent.com/PokeAPI/sprites/master/sprites/pokemon/82.png
Farfetchd,83,135,https://raw.githubusercontent.com/PokeAPI/sprites/master/sprites/pokemon/83.png
Doduo,84,137,https://raw.githubusercontent.com/PokeAPI/sprites/master/sprites/pokemon/84.png
Dodrio,85,138,https://raw.githubusercontent.com/PokeAPI/sprites/master/sprites/pokemon/85.png
Seel,86,139,https://raw.githubusercontent.com/PokeAPI/sprites/master/sprites/pokemon/86.png
Dewgong,87,140,https://raw.githubusercontent.com/PokeAPI/sprites/master/sprites/pokemon/87.png
Grimer,88,141,https://raw.githubusercontent.com/PokeAPI/sprites/master/sprites/pokemon/88.png
Muk,89,143,https://raw.githubusercontent.com/PokeAPI/sprites/master/sprites/pokemon/89.png
Shellder,90,145,https://raw.githubusercontent.com/PokeAPI/sprites/master/sprites/pokemon/90.png
Cloyster,91,146,https://raw.githubusercontent.com/PokeAPI/sprites/master/sprites/pokemon/91.png
Gastly,92,147,https://raw.githubusercontent.com/PokeAPI/sprites/master/sprites/pokemon/92.png
Haunter,93,148,https://raw.githubusercontent.com/PokeAPI/sprites/master/sprites/pokemon/93.png
Gengar,94,149,https://raw.githubusercontent.com/PokeAPI/sprites/master/sprites/pokemon/94.png
Onix,95,151,https://raw.githubusercontent.com/PokeAPI/sprites/master/sprites/pokemon/95.png
Drowzee,96,154,https://raw.githubusercontent.com/PokeAPI/sprites/master/sprites/pokemon/96.png
Hypno,97,155,https://raw.githubusercontent.com/PokeAPI/sprites/master/sprites/pokemon/97.png
Krabby,98,156,https://raw.githubusercontent.com/PokeAPI/sprites/master/sprites/pokemon/98.png
Kingler,99,157,https://raw.githubusercontent.com/PokeAPI/sprites/master/sprites/pokemon/99.png
Voltorb,100,158,https://raw.githubusercontent.com/PokeAPI/sprites/master/sprites/pokemon/100.png
Electrode,101,159,https://raw.githubusercontent.com/PokeAPI/sprites/master/sprites/pokemon/101.png
Exeggcute,102,160,https://raw.githubusercontent.com/PokeAPI/sprites/master/sprites/pokemon/102.png
Exeggutor,103,161,https://raw.githubusercontent.com/PokeAPI/sprites/master/sprites/pokemon/103.png
Cubone,104,163,https://raw.githubusercontent.com/PokeAPI/sprites/master/sprites/pokemon/104.png
Marowak,105,164,https://raw.githubusercontent.com/PokeAPI/sprites/master/sprites/pokemon/105.png
Hitmonlee,106,168,https://raw.githubusercontent.com/PokeAPI/sprites/master/sprites/pokemon/106.png
Hitmonchan,107,169,https://raw.githubusercontent.com/PokeAPI/sprites/master/sprites/pokemon/107.png
Lickitung,108,171,https://raw.githubusercontent.com/PokeAPI/sprites/master/sprites/pokemon/108.png
Koffing,109,173,https://raw.githubusercontent.com/PokeAPI/sprites/master/sprites/pokemon/109.png
Weezing,110,174,https://raw.githubusercontent.com/PokeAPI/sprites/master/sprites/pokemon/110.png
Rhyhorn,111,176,https://raw.githubusercontent.com/PokeAPI/sprites/master/sprites/pokemon/111.png
Rhydon,112,177,https://raw.githubusercontent.com/PokeAPI/sprites/master/sprites/pokemon/112.png
Chansey,113,180,https://raw.githubusercontent.com/PokeAPI/sprites/master/sprites/pokemon/113.png
Tangela,114,182,https://raw.githubusercontent.com/PokeAPI/sprites/master/sprites/pokemon/114.png
Kangaskhan,115,184,https://raw.githubusercontent.com/PokeAPI/sprites/master/sprites/pokemon/115.png
Horsea,116,186,https://raw.githubusercontent.com/PokeAPI/sprites/master/sprites/pokemon/116.png
Seadra,117,187,https://raw.githubusercontent.com/PokeAPI/sprites/master/sprites/pokemon/117.png
Goldeen,118,189,https://raw.githubusercontent.com/PokeAPI/sprites/master/sprites/pokemon/118.png
Seaking,119,190,https://raw.githubusercontent.com/PokeAPI/sprites/master/sprites/pokemon/119.png
Staryu,120,191,https://raw.githubusercontent.com/PokeAPI/sprites/master/sprites/pokemon/120.png
Starmie,121,192,https://raw.githubusercontent.com/PokeAPI/sprites/master/sprites/pokemon/121.png
Mr-mime,122,194,https://raw.githubusercontent.com/PokeAPI/sprites/master/sprites/pokemon/122.png
Scyther,123,196,https://raw.githubusercontent.com/PokeAPI/sprites/master/sprites/pokemon/123.png
Jynx,124,200,https://raw.githubusercontent.com/PokeAPI/sprites/master/sprites/pokemon/124.png
Electabuzz,125,202,https://raw.githubusercontent.com/PokeAPI/sprites/master/sprites/pokemon/125.png
Magmar,126,205,https://raw.githubusercontent.com/PokeAPI/sprites/master/sprites/pokemon/126.png
Pinsir,127,207,https://raw.githubusercontent.com/PokeAPI/sprites/master/sprites/pokemon/127.png
Tauros,128,209,https://raw.githubusercontent.com/PokeAPI/sprites/master/sprites/pokemon/128.png
Magikarp,129,210,https://raw.githubusercontent.com/PokeAPI/sprites/master/sprites/pokemon/129.png
Gyarados,130,211,https://raw.githubusercontent.com/PokeAPI/sprites/master/sprites/pokemon/130.png
Lapras,131,213,https://raw.githubusercontent.com/PokeAPI/sprites/master/sprites/pokemon/131.png
Ditto,132,214,https://raw.githubusercontent.com/PokeAPI/sprites/master/sprites/pokemon/132.png
Eevee,133,215,https://raw.githubusercontent.com/PokeAPI/sprites/master/sprites/pokemon/133.png
Vaporeon,134,217,https://raw.githubusercontent.com/PokeAPI/sprites/master/sprites/pokemon/134.png
Jolteon,135,218,https://raw.githubusercontent.com/PokeAPI/sprites/master/sprites/pokemon/135.png
Flareon,136,219,https://raw.githubusercontent.com/PokeAPI/sprites/master/sprites/pokemon/136.png
Porygon,137,225,https://raw.githubusercontent.com/PokeAPI/sprites/master/sprites/pokemon/137.png
Omanyte,138,228,https://raw.githubusercontent.com/PokeAPI/sprites/master/sprites/pokemon/138.png
Omastar,139,229,https://raw.githubusercontent.com/PokeAPI/sprites/master/sprites/pokemon/139.png
Kabuto,140,230,https://raw.githubusercontent.com/PokeAPI/sprites/master/sprites/pokemon/140.png
Kabutops,141,231,https://raw.githubusercontent.com/PokeAPI/sprites/master/sprites/pokemon/141.png
Aerodactyl,142,232,https://raw.githubusercontent.com/PokeAPI/sprites/master/sprites/pokemon/142.png
Snorlax,143,235,https://raw.githubusercontent.com/PokeAPI/sprites/master/sprites/pokemon/143.png
Articuno,144,236,https://raw.githubusercontent.com/PokeAPI/sprites/master/sprites/pokemon/144.png
Zapdos,145,238,https://raw.githubusercontent.com/PokeAPI/sprites/master/sprites/pokemon/145.png
Moltres,146,240,https://raw.githubusercontent.com/PokeAPI/sprites/master/sprites/pokemon/146.png
Dratini,147,242,https://raw.githubusercontent.com/PokeAPI/sprites/master/sprites/pokemon/147.png
Dragonair,148,243,https://raw.githubusercontent.com/PokeAPI/sprites/master/sprites/pokemon/148.png
Dragonite,149,244,https://raw.githubusercontent.com/PokeAPI/sprites/master/sprites/pokemon/149.png
Mewtwo,150,245,https://raw.githubusercontent.com/PokeAPI/sprites/master/sprites/pokemon/150.png
Mew,151,248,https://raw.githubusercontent.com/PokeAPI/sprites/master/sprites/pokemon/151.png
Chikorita,152,249,https://raw.githubusercontent.com/PokeAPI/sprites/master/sprites/pokemon/152.png
Bayleef,153,250,https://raw.githubusercontent.com/PokeAPI/sprites/master/sprites/pokemon/153.png
Meganium,154,251,https://raw.githubusercontent.com/PokeAPI/sprites/master/sprites/pokemon/154.png
Cyndaquil,155,252,https://raw.githubusercontent.com/PokeAPI/sprites/master/sprites/pokemon/155.png
Quilava,156,253,https://raw.githubusercontent.com/PokeAPI/sprites/master/sprites/pokemon/156.png
Typhlosion,157,254,https://raw.githubusercontent.com/PokeAPI/sprites/master/sprites/pokemon/157.png
Totodile,158,255,https://raw.githubusercontent.com/PokeAPI/sprites/master/sprites/pokemon/158.png
Croconaw,159,256,https://raw.githubusercontent.com/PokeAPI/sprites/master/sprites/pokemon/159.png
Feraligatr,160,257,https://raw.githubusercontent.com/PokeAPI/sprites/master/sprites/pokemon/160.png
Sentret,161,258,https://raw.githubusercontent.com/PokeAPI/sprites/master/sprites/pokemon/161.png
Furret,162,259,https://raw.githubusercontent.com/PokeAPI/sprites/master/sprites/pokemon/162.png
Hoothoot,163,260,https://raw.githubusercontent.com/PokeAPI/sprites/master/sprites/pokemon/163.png
Noctowl,164,261,https://raw.githubusercontent.com/PokeAPI/sprites/master/sprites/pokemon/164.png
Ledyba,165,262,https://raw.githubusercontent.com/PokeAPI/sprites/master/sprites/pokemon/165.png
Ledian,166,263,https://raw.githubusercontent.com/PokeAPI/sprites/master/sprites/pokemon/166.png
Spinarak,167,264,https://raw.githubusercontent.com/PokeAPI/sprites/master/sprites/pokemon/167.png
Ariados,168,265,https://raw.githubusercontent.com/PokeAPI/sprites/master/sprites/pokemon/168.png
Crobat,169,75,https://raw.githubusercontent.com/PokeAPI/sprites/master/sprites/pokemon/169.png
Chinchou,170,266,https://raw.githubusercontent.com/PokeAPI/sprites/master/sprites/pokemon/170.png
Lanturn,171,267,https://raw.githubusercontent.com/PokeAPI/sprites/master/sprites/pokemon/171.png
Pichu,172,34,https://raw.githubusercontent.com/PokeAPI/sprites/master/sprites/pokemon/172.png
Cleffa,173,63,https://raw.githubusercontent.com/PokeAPI/sprites/master/sprites/pokemon/173.png
Igglybuff,174,70,https://raw.githubusercontent.com/PokeAPI/sprites/master/sprites/pokemon/174.png
Togepi,175,268,https://raw.githubusercontent.com/PokeAPI/sprites/master/sprites/pokemon/175.png
Togetic,176,269,https://raw.githubusercontent.com/PokeAPI/sprites/master/sprites/pokemon/176.png
Natu,177,271,https://raw.githubusercontent.com/PokeAPI/sprites/master/sprites/pokemon/177.png
Xatu,178,272,https://raw.githubusercontent.com/PokeAPI/sprites/master/sprites/pokemon/178.png
Mareep,179,273,https://raw.githubusercontent.com/PokeAPI/sprites/master/sprites/pokemon/179.png
Flaaffy,180,274,https://raw.githubusercontent.com/PokeAPI/sprites/master/sprites/pokemon/180.png
Ampharos,181,275,https://raw.githubusercontent.com/PokeAPI/sprites/master/sprites/pokemon/181.png
Bellossom,182,79,https://raw.githubusercontent.com/PokeAPI/sprites/master/sprites/pokemon/182.png
Marill,183,278,https://raw.githubusercontent.com/PokeAPI/sprites/master/sprites/pokemon/183.png
Azumarill,184,279,https://raw.githubusercontent.com/PokeAPI/sprites/master/sprites/pokemon/184.png
Sudowoodo,185,281,https://raw.githubusercontent.com/PokeAPI/sprites/master/sprites/pokemon/185.png
Politoed,186,102,https://raw.githubusercontent.com/PokeAPI/sprites/master/sprites/pokemon/186.png
Hoppip,187,282,https://raw.githubusercontent.com/PokeAPI/sprites/master/sprites/pokemon/187.png
Skiploom,188,283,https://raw.githubusercontent.com/PokeAPI/sprites/master/sprites/pokemon/188.png
Jumpluff,189,284,https://raw.githubusercontent.com/PokeAPI/sprites/master/sprites/pokemon/189.png
Aipom,190,285,https://raw.githubusercontent.com/PokeAPI/sprites/master/sprites/pokemon/190.png
Sunkern,191,287,https://raw.githubusercontent.com/PokeAPI/sprites/master/sprites/pokemon/191.png
Sunflora,192,288,https://raw.githubusercontent.com/PokeAPI/sprites/master/sprites/pokemon/192.png
Yanma,193,289,https://raw.githubusercontent.com/PokeAPI/sprites/master/sprites/pokemon/193.png
Wooper,194,291,https://raw.githubusercontent.com/PokeAPI/sprites/master/sprites/pokemon/194.png
Quagsire,195,292,https://raw.githubusercontent.com/PokeAPI/sprites/master/sprites/pokemon/195.png
Espeon,196,220,https://raw.githubusercontent.com/PokeAPI/sprites/master/sprites/pokemon/196.png
Umbreon,197,221,https://raw.githubusercontent.com/PokeAPI/sprites/master/sprites/pokemon/197.png
Murkrow,198,293,https://raw.githubusercontent.com/PokeAPI/sprites/master/sprites/pokemon/198.png
Slowking,199,130,https://raw.githubusercontent.com/PokeAPI/sprites/master/sprites/pokemon/199.png
Misdreavus,200,295,https://raw.githubusercontent.com/PokeAPI/sprites/master/sprites/pokemon/200.png
Unown,201,297,https://raw.githubusercontent.com/PokeAPI/sprites/master/sprites/pokemon/201.png
Wobbuffet,202,299,https://raw.githubusercontent.com/PokeAPI/sprites/master/sprites/pokemon/202.png
Girafarig,203,300,https://raw.githubusercontent.com/PokeAPI/sprites/master/sprites/pokemon/203.png
Pineco,204,301,https://raw.githubusercontent.com/PokeAPI/sprites/master/sprites/pokemon/204.png
Forretress,205,302,https://raw.githubusercontent.com/PokeAPI/sprites/master/sprites/pokemon/205.png
Dunsparce,206,303,https://raw.githubusercontent.com/PokeAPI/sprites/master/sprites/pokemon/206.png
Gligar,207,304,https://raw.githubusercontent.com/PokeAPI/sprites/master/sprites/pokemon/207.png
Steelix,208,152,https://raw.githubusercontent.com/PokeAPI/sprites/master/sprites/pokemon/208.png
Snubbull,209,306,https://raw.githubusercontent.com/PokeAPI/sprites/master/sprites/pokemon/209.png
Granbull,210,307,https://raw.githubusercontent.com/PokeAPI/sprites/master/sprites/pokemon/210.png
Qwilfish,211,308,https://raw.githubusercontent.com/PokeAPI/sprites/master/sprites/pokemon/211.png
Scizor,212,197,https://raw.githubusercontent.com/PokeAPI/sprites/master/sprites/pokemon/212.png
Shuckle,213,309,https://raw.githubusercontent.com/PokeAPI/sprites/master/sprites/pokemon/213.png
Heracross,214,310,https://raw.githubusercontent.com/PokeAPI/sprites/master/sprites/pokemon/214.png
Sneasel,215,312,https://raw.githubusercontent.com/PokeAPI/sprites/master/sprites/pokemon/215.png
Teddiursa,216,314,https://raw.githubusercontent.com/PokeAPI/sprites/master/sprites/pokemon/216.png
Ursaring,217,315,https://raw.githubusercontent.com/PokeAPI/sprites/master/sprites/pokemon/217.png
Slugma,218,316,https://raw.githubusercontent.com/PokeAPI/sprites/master/sprites/pokemon/218.png
Magcargo,219,317,https://raw.githubusercontent.com/PokeAPI/sprites/master/sprites/pokemon/219.png
Swinub,220,318,https://raw.githubusercontent.com/PokeAPI/sprites/master/sprites/pokemon/220.png
Piloswine,221,319,https://raw.githubusercontent.com/PokeAPI/sprites/master/sprites/pokemon/221.png
Corsola,222,321,https://raw.githubusercontent.com/PokeAPI/sprites/master/sprites/pokemon/222.png
Remoraid,223,323,https://raw.githubusercontent.com/PokeAPI/sprites/master/sprites/pokemon/223.png
Octillery,224,324,https://raw.githubusercontent.com/PokeAPI/sprites/master/sprites/pokemon/224.png
Delibird,225,325,https://raw.githubusercontent.com/PokeAPI/sprites/master/sprites/pokemon/225.png
Mantine,226,327,https://raw.githubusercontent.com/PokeAPI/sprites/master/sprites/pokemon/226.png
Skarmory,227,328,https://raw.githubusercontent.com/PokeAPI/sprites/master/sprites/pokemon/227.png
Houndour,228,329,https://raw.githubusercontent.com/PokeAPI/sprites/master/sprites/pokemon/228.png
Houndoom,229,330,https://raw.githubusercontent.com/PokeAPI/sprites/master/sprites/pokemon/229.png
Kingdra,230,188,https://raw.githubusercontent.com/PokeAPI/sprites/master/sprites/pokemon/230.png
Phanpy,231,332,https://raw.githubusercontent.com/PokeAPI/sprites/master/sprites/pokemon/231.png
Donphan,232,333,https://raw.githubusercontent.com/PokeAPI/sprites/master/sprites/pokemon/232.png
Porygon2,233,226,https://raw.githubusercontent.com/PokeAPI/sprites/master/sprites/pokemon/233.png
Stantler,234,334,https://raw.githubusercontent.com/PokeAPI/sprites/master/sprites/pokemon/234.png
Smeargle,235,335,https://raw.githubusercontent.com/PokeAPI/sprites/master/sprites/pokemon/235.png
Tyrogue,236,167,https://raw.githubusercontent.com/PokeAPI/sprites/master/sprites/pokemon/236.png
Hitmontop,237,170,https://raw.githubusercontent.com/PokeAPI/sprites/master/sprites/pokemon/237.png
Smoochum,238,199,https://raw.githubusercontent.com/PokeAPI/sprites/master/sprites/pokemon/238.png
Elekid,239,201,https://raw.githubusercontent.com/PokeAPI/sprites/master/sprites/pokemon/239.png
Magby,240,204,https://raw.githubusercontent.com/PokeAPI/sprites/master/sprites/pokemon/240.png
Miltank,241,336,https://raw.githubusercontent.com/PokeAPI/sprites/master/sprites/pokemon/241.png
Blissey,242,181,https://raw.githubusercontent.com/PokeAPI/sprites/master/sprites/pokemon/242.png
Raikou,243,337,https://raw.githubusercontent.com/PokeAPI/sprites/master/sprites/pokemon/243.png
Entei,244,338,https://raw.githubusercontent.com/PokeAPI/sprites/master/sprites/pokemon/244.png
Suicune,245,339,https://raw.githubusercontent.com/PokeAPI/sprites/master/sprites/pokemon/245.png
Larvitar,246,340,https://raw.githubusercontent.com/PokeAPI/sprites/master/sprites/pokemon/246.png
Pupitar,247,341,https://raw.githubusercontent.com/PokeAPI/sprites/master/sprites/pokemon/247.png
Tyranitar,248,342,https://raw.githubusercontent.com/PokeAPI/sprites/master/sprites/pokemon/248.png
Lugia,249,344,https://raw.githubusercontent.com/PokeAPI/sprites/master/sprites/pokemon/249.png
Ho-oh,250,345,https://raw.githubusercontent.com/PokeAPI/sprites/master/sprites/pokemon/250.png
Celebi,251,346,https://raw.githubusercontent.com/PokeAPI/sprites/master/sprites/pokemon/251.png
Treecko,252,347,https://raw.githubusercontent.com/PokeAPI/sprites/master/sprites/pokemon/252.png
Grovyle,253,348,https://raw.githubusercontent.com/PokeAPI/sprites/master/sprites/pokemon/253.png
Sceptile,254,349,https://raw.githubusercontent.com/PokeAPI/sprites/master/sprites/pokemon/254.png
Torchic,255,351,https://raw.githubusercontent.com/PokeAPI/sprites/master/sprites/pokemon/255.png
Combusken,256,352,https://raw.githubusercontent.com/PokeAPI/sprites/master/sprites/pokemon/256.png
Blaziken,257,353,https://raw.githubusercontent.com/PokeAPI/sprites/master/sprites/pokemon/257.png
Mudkip,258,355,https://raw.githubusercontent.com/PokeAPI/sprites/master/sprites/pokemon/258.png
Marshtomp,259,356,https://raw.githubusercontent.com/PokeAPI/sprites/master/sprites/pokemon/259.png
Swampert,260,357,https://raw.githubusercontent.com/PokeAPI/sprites/master/sprites/pokemon/260.png
Poochyena,261,359,https://raw.githubusercontent.com/PokeAPI/sprites/master/sprites/pokemon/261.png
Mightyena,262,360,https://raw.githubusercontent.com/PokeAPI/sprites/master/sprites/pokemon/262.png
Zigzagoon,263,361,https://raw.githubusercontent.com/PokeAPI/sprites/master/sprites/pokemon/263.png
Linoone,264,363,https://raw.githubusercontent.com/PokeAPI/sprites/master/sprites/pokemon/264.png
Wurmple,265,365,https://raw.githubusercontent.com/PokeAPI/sprites/master/sprites/pokemon/265.png
Silcoon,266,366,https://raw.githubusercontent.com/PokeAPI/sprites/master/sprites/pokemon/266.png
Beautifly,267,367,https://raw.githubusercontent.com/PokeAPI/sprites/master/sprites/pokemon/267.png
Cascoon,268,368,https://raw.githubusercontent.com/PokeAPI/sprites/master/sprites/pokemon/268.png
Dustox,269,369,https://raw.githubusercontent.com/PokeAPI/sprites/master/sprites/pokemon/269.png
Lotad,270,370,https://raw.githubusercontent.com/PokeAPI/sprites/master/sprites/pokemon/270.png
Lombre,271,371,https://raw.githubusercontent.com/PokeAPI/sprites/master/sprites/pokemon/271.png
Ludicolo,272,372,https://raw.githubusercontent.com/PokeAPI/sprites/master/sprites/pokemon/272.png
Seedot,273,373,https://raw.githubusercontent.com/PokeAPI/sprites/master/sprites/pokemon/273.png
Nuzleaf,274,374,https://raw.githubusercontent.com/PokeAPI/sprites/master/sprites/pokemon/274.png
Shiftry,275,375,https://raw.githubusercontent.com/PokeAPI/sprites/master/sprites/pokemon/275.png
Taillow,276,376,https://raw.githubusercontent.com/PokeAPI/sprites/master/sprites/pokemon/276.png
Swellow,277,377,https://raw.githubusercontent.com/PokeAPI/sprites/master/sprites/pokemon/277.png
Wingull,278,378,https://raw.githubusercontent.com/PokeAPI/sprites/master/sprites/pokemon/278.png
Pelipper,279,379,https://raw.githubusercontent.com/PokeAPI/sprites/master/sprites/pokemon/279.png
Ralts,280,380,https://raw.githubusercontent.com/PokeAPI/sprites/master/sprites/pokemon/280.png
Kirlia,281,381,https://raw.githubusercontent.com/PokeAPI/sprites/master/sprites/pokemon/281.png
Gardevoir,282,382,https://raw.githubusercontent.com/PokeAPI/sprites/master/sprites/pokemon/282.png
Surskit,283,386,https://raw.githubusercontent.com/PokeAPI/sprites/master/sprites/pokemon/283.png
Masquerain,284,387,https://raw.githubusercontent.com/PokeAPI/sprites/master/sprites/pokemon/284.png
Shroomish,285,388,https://raw.githubusercontent.com/PokeAPI/sprites/master/sprites/pokemon/285.png
Breloom,286,389,https://raw.githubusercontent.com/PokeAPI/sprites/master/sprites/pokemon/286.png
Slakoth,287,390,https://raw.githubusercontent.com/PokeAPI/sprites/master/sprites/pokemon/287.png
Vigoroth,288,391,https://raw.githubusercontent.com/PokeAPI/sprites/master/sprites/pokemon/288.png
Slaking,289,392,https://raw.githubusercontent.com/PokeAPI/sprites/master/sprites/pokemon/289.png
Nincada,290,393,https://raw.githubusercontent.com/PokeAPI/sprites/master/sprites/pokemon/290.png
Ninjask,291,394,https://raw.githubusercontent.com/PokeAPI/sprites/master/sprites/pokemon/291.png
Shedinja,292,395,https://raw.githubusercontent.com/PokeAPI/sprites/master/sprites/pokemon/292.png
Whismur,293,396,https://raw.githubusercontent.com/PokeAPI/sprites/master/sprites/pokemon/293.png
Loudred,294,397,https://raw.githubusercontent.com/PokeAPI/sprites/master/sprites/pokemon/294.png
Exploud,295,398,https://raw.githubusercontent.com/PokeAPI/sprites/master/sprites/pokemon/295.png
Makuhita,296,399,https://raw.githubusercontent.com/PokeAPI/sprites/master/sprites/pokemon/296.png
Hariyama,297,400,https://raw.githubusercontent.com/PokeAPI/sprites/master/sprites/pokemon/297.png
Azurill,298,277,https://raw.githubusercontent.com/PokeAPI/sprites/master/sprites/pokemon/298.png
Nosepass,299,401,https://raw.githubusercontent.com/PokeAPI/sprites/master/sprites/pokemon/299.png
Skitty,300,403,https://raw.githubusercontent.com/PokeAPI/sprites/master/sprites/pokemon/300.png
Delcatty,301,404,https://raw.githubusercontent.com/PokeAPI/sprites/master/sprites/pokemon/301.png
Sableye,302,405,https://raw.githubusercontent.com/PokeAPI/sprites/master/sprites/pokemon/302.png
Mawile,303,407,https://raw.githubusercontent.com/PokeAPI/sprites/master/sprites/pokemon/303.png
Aron,304,409,https://raw.githubusercontent.com/PokeAPI/sprites/master/sprites/pokemon/304.png
Lairon,305,410,https://raw.githubusercontent.com/PokeAPI/sprites/master/sprites/pokemon/305.png
Aggron,306,411,https://raw.githubusercontent.com/PokeAPI/sprites/master/sprites/pokemon/306.png
Meditite,307,413,https://raw.githubusercontent.com/PokeAPI/sprites/master/sprites/pokemon/307.png
Medicham,308,414,https://raw.githubusercontent.com/PokeAPI/sprites/master/sprites/pokemon/308.png
Electrike,309,416,https://raw.githubusercontent.com/PokeAPI/sprites/master/sprites/pokemon/309.png
Manectric,310,417,https://raw.githubusercontent.com/PokeAPI/sprites/master/sprites/pokemon/310.png
Plusle,311,419,https://raw.githubusercontent.com/PokeAPI/sprites/master/sprites/pokemon/311.png
Minun,312,420,https://raw.githubusercontent.com/PokeAPI/sprites/master/sprites/pokemon/312.png
Volbeat,313,421,https://raw.githubusercontent.com/PokeAPI/sprites/master/sprites/pokemon/313.png
Illumise,314,422,https://raw.githubusercontent.com/PokeAPI/sprites/master/sprites/pokemon/314.png
Roselia,315,424,https://raw.githubusercontent.com/PokeAPI/sprites/master/sprites/pokemon/315.png
Gulpin,316,426,https://raw.githubusercontent.com/PokeAPI/sprites/master/sprites/pokemon/316.png
Swalot,317,427,https://raw.githubusercontent.com/PokeAPI/sprites/master/sprites/pokemon/317.png
Carvanha,318,428,https://raw.githubusercontent.com/PokeAPI/sprites/master/sprites/pokemon/318.png
Sharpedo,319,429,https://raw.githubusercontent.com/PokeAPI/sprites/master/sprites/pokemon/319.png
Wailmer,320,431,https://raw.githubusercontent.com/PokeAPI/sprites/master/sprites/pokemon/320.png
Wailord,321,432,https://raw.githubusercontent.com/PokeAPI/sprites/master/sprites/pokemon/321.png
Numel,322,433,https://raw.githubusercontent.com/PokeAPI/sprites/master/sprites/pokemon/322.png
Camerupt,323,434,https://raw.githubusercontent.com/PokeAPI/sprites/master/sprites/pokemon/323.png
Torkoal,324,436,https://raw.githubusercontent.com/PokeAPI/sprites/master/sprites/pokemon/324.png
Spoink,325,437,https://raw.githubusercontent.com/PokeAPI/sprites/master/sprites/pokemon/325.png
Grumpig,326,438,https://raw.githubusercontent.com/PokeAPI/sprites/master/sprites/pokemon/326.png
Spinda,327,439,https://raw.githubusercontent.com/PokeAPI/sprites/master/sprites/pokemon/327.png
Trapinch,328,440,https://raw.githubusercontent.com/PokeAPI/sprites/master/sprites/pokemon/328.png
Vibrava,329,441,https://raw.githubusercontent.com/PokeAPI/sprites/master/sprites/pokemon/329.png
Flygon,330,442,https://raw.githubusercontent.com/PokeAPI/sprites/master/sprites/pokemon/330.png
Cacnea,331,443,https://raw.githubusercontent.com/PokeAPI/sprites/master/sprites/pokemon/331.png
Cacturne,332,444,https://raw.githubusercontent.com/PokeAPI/sprites/master/sprites/pokemon/332.png
Swablu,333,445,https://raw.githubusercontent.com/PokeAPI/sprites/master/sprites/pokemon/333.png
Altaria,334,446,https://raw.githubusercontent.com/PokeAPI/sprites/master/sprites/pokemon/334.png
Zangoose,335,448,https://raw.githubusercontent.com/PokeAPI/sprites/master/sprites/pokemon/335.png
Seviper,336,449,https://raw.githubusercontent.com/PokeAPI/sprites/master/sprites/pokemon/336.png
Lunatone,337,450,https://raw.githubusercontent.com/PokeAPI/sprites/master/sprites/pokemon/337.png
Solrock,338,451,https://raw.githubusercontent.com/PokeAPI/sprites/master/sprites/pokemon/338.png
Barboach,339,452,https://raw.githubusercontent.com/PokeAPI/sprites/master/sprites/pokemon/339.png
Whiscash,340,453,https://raw.githubusercontent.com/PokeAPI/sprites/master/sprites/pokemon/340.png
Corphish,341,454,https://raw.githubusercontent.com/PokeAPI/sprites/master/sprites/pokemon/341.png
Crawdaunt,342,455,https://raw.githubusercontent.com/PokeAPI/sprites/master/sprites/pokemon/342.png
Baltoy,343,456,https://raw.githubusercontent.com/PokeAPI/sprites/master/sprites/pokemon/343.png
Claydol,344,457,https://raw.githubusercontent.com/PokeAPI/sprites/master/sprites/pokemon/344.png
Lileep,345,458,https://raw.githubusercontent.com/PokeAPI/sprites/master/sprites/pokemon/345.png
Cradily,346,459,https://raw.githubusercontent.com/PokeAPI/sprites/master/sprites/pokemon/346.png
Anorith,347,460,https://raw.githubusercontent.com/PokeAPI/sprites/master/sprites/pokemon/347.png
Armaldo,348,461,https://raw.githubusercontent.com/PokeAPI/sprites/master/sprites/pokemon/348.png
Feebas,349,462,https://raw.githubusercontent.com/PokeAPI/sprites/master/sprites/pokemon/349.png
Milotic,350,463,https://raw.githubusercontent.com/PokeAPI/sprites/master/sprites/pokemon/350.png
Castform,351,464,https://raw.githubusercontent.com/PokeAPI/sprites/master/sprites/pokemon/351.png
Kecleon,352,468,https://raw.githubusercontent.com/PokeAPI/sprites/master/sprites/pokemon/352.png
Shuppet,353,469,https://raw.githubusercontent.com/PokeAPI/sprites/master/sprites/pokemon/353.png
Banette,354,470,https://raw.githubusercontent.com/PokeAPI/sprites/master/sprites/pokemon/354.png
Duskull,355,472,https://raw.githubusercontent.com/PokeAPI/sprites/master/sprites/pokemon/355.png
Dusclops,356,473,https://raw.githubusercontent.com/PokeAPI/sprites/master/sprites/pokemon/356.png
Tropius,357,475,https://raw.githubusercontent.com/PokeAPI/sprites/master/sprites/pokemon/357.png
Chimecho,358,477,https://raw.githubusercontent.com/PokeAPI/sprites/master/sprites/pokemon/358.png
Absol,359,478,https://raw.githubusercontent.com/PokeAPI/sprites/master/sprites/pokemon/359.png
Wynaut,360,298,https://raw.githubusercontent.com/PokeAPI/sprites/master/sprites/pokemon/360.png
Snorunt,361,480,https://raw.githubusercontent.com/PokeAPI/sprites/master/sprites/pokemon/361.png
Glalie,362,481,https://raw.githubusercontent.com/PokeAPI/sprites/master/sprites/pokemon/362.png
Spheal,363,484,https://raw.githubusercontent.com/PokeAPI/sprites/master/sprites/pokemon/363.png
Sealeo,364,485,https://raw.githubusercontent.com/PokeAPI/sprites/master/sprites/pokemon/364.png
Walrein,365,486,https://raw.githubusercontent.com/PokeAPI/sprites/master/sprites/pokemon/365.png
Clamperl,366,487,https://raw.githubusercontent.com/PokeAPI/sprites/master/sprites/pokemon/366.png
Huntail,367,488,https://raw.githubusercontent.com/PokeAPI/sprites/master/sprites/pokemon/367.png
Gorebyss,368,489,https://raw.githubusercontent.com/PokeAPI/sprites/master/sprites/pokemon/368.png
Relicanth,369,490,https://raw.githubusercontent.com/PokeAPI/sprites/master/sprites/pokemon/369.png
Luvdisc,370,491,https://raw.githubusercontent.com/PokeAPI/sprites/master/sprites/pokemon/370.png
Bagon,371,492,https://raw.githubusercontent.com/PokeAPI/sprites/master/sprites/pokemon/371.png
Shelgon,372,493,https://raw.githubusercontent.com/PokeAPI/sprites/master/sprites/pokemon/372.png
Salamence,373,494,https://raw.githubusercontent.com/PokeAPI/sprites/master/sprites/pokemon/373.png
Beldum,374,496,https://raw.githubusercontent.com/PokeAPI/sprites/master/sprites/pokemon/374.png
Metang,375,497,https://raw.githubusercontent.com/PokeAPI/sprites/master/sprites/pokemon/375.png
Metagross,376,498,https://raw.githubusercontent.com/PokeAPI/sprites/master/sprites/pokemon/376.png
Regirock,377,500,https://raw.githubusercontent.com/PokeAPI/sprites/master/sprites/pokemon/377.png
Regice,378,501,https://raw.githubusercontent.com/PokeAPI/sprites/master/sprites/pokemon/378.png
Registeel,379,502,https://raw.githubusercontent.com/PokeAPI/sprites/master/sprites/pokemon/379.png
Latias,380,503,https://raw.githubusercontent.com/PokeAPI/sprites/master/sprites/pokemon/380.png
Latios,381,505,https://raw.githubusercontent.com/PokeAPI/sprites/master/sprites/pokemon/381.png
Kyogre,382,507,https://raw.githubusercontent.com/PokeAPI/sprites/master/sprites/pokemon/382.png
Groudon,383,509,https://raw.githubusercontent.com/PokeAPI/sprites/master/sprites/pokemon/383.png
Rayquaza,384,511,https://raw.githubusercontent.com/PokeAPI/sprites/master/sprites/pokemon/384.png
Jirachi,385,513,https://raw.githubusercontent.com/PokeAPI/sprites/master/sprites/pokemon/385.png
Deoxys-normal,386,514,https://raw.githubusercontent.com/PokeAPI/sprites/master/sprites/pokemon/386.png
Turtwig,387,518,https://raw.githubusercontent.com/PokeAPI/sprites/master/sprites/pokemon/387.png
Grotle,388,519,https://raw.githubusercontent.com/PokeAPI/sprites/master/sprites/pokemon/388.png
Torterra,389,520,https://raw.githubusercontent.com/PokeAPI/sprites/master/sprites/pokemon/389.png
Chimchar,390,521,https://raw.githubusercontent.com/PokeAPI/sprites/master/sprites/pokemon/390.png
Monferno,391,522,https://raw.githubusercontent.com/PokeAPI/sprites/master/sprites/pokemon/391.png
Infernape,392,523,https://raw.githubusercontent.com/PokeAPI/sprites/master/sprites/pokemon/392.png
Piplup,393,524,https://raw.githubusercontent.com/PokeAPI/sprites/master/sprites/pokemon/393.png
Prinplup,394,525,https://raw.githubusercontent.com/PokeAPI/sprites/master/sprites/pokemon/394.png
Empoleon,395,526,https://raw.githubusercontent.com/PokeAPI/sprites/master/sprites/pokemon/395.png
Starly,396,527,https://raw.githubusercontent.com/PokeAPI/sprites/master/sprites/pokemon/396.png
Staravia,397,528,https://raw.githubusercontent.com/PokeAPI/sprites/master/sprites/pokemon/397.png
Staraptor,398,529,https://raw.githubusercontent.com/PokeAPI/sprites/master/sprites/pokemon/398.png
Bidoof,399,530,https://raw.githubusercontent.com/PokeAPI/sprites/master/sprites/pokemon/399.png
Bibarel,400,531,https://raw.githubusercontent.com/PokeAPI/sprites/master/sprites/pokemon/400.png
Kricketot,401,532,https://raw.githubusercontent.com/PokeAPI/sprites/master/sprites/pokemon/401.png
Kricketune,402,533,https://raw.githubusercontent.com/PokeAPI/sprites/master/sprites/pokemon/402.png
Shinx,403,534,https://raw.githubusercontent.com/PokeAPI/sprites/master/sprites/pokemon/403.png
Luxio,404,535,https://raw.githubusercontent.com/PokeAPI/sprites/master/sprites/pokemon/404.png
Luxray,405,536,https://raw.githubusercontent.com/PokeAPI/sprites/master/sprites/pokemon/405.png
Budew,406,423,https://raw.githubusercontent.com/PokeAPI/sprites/master/sprites/pokemon/406.png
Roserade,407,425,https://raw.githubusercontent.com/PokeAPI/sprites/master/sprites/pokemon/407.png
Cranidos,408,537,https://raw.githubusercontent.com/PokeAPI/sprites/master/sprites/pokemon/408.png
Rampardos,409,538,https://raw.githubusercontent.com/PokeAPI/sprites/master/sprites/pokemon/409.png
Shieldon,410,539,https://raw.githubusercontent.com/PokeAPI/sprites/master/sprites/pokemon/410.png
Bastiodon,411,540,https://raw.githubusercontent.com/PokeAPI/sprites/master/sprites/pokemon/411.png
Burmy,412,541,https://raw.githubusercontent.com/PokeAPI/sprites/master/sprites/pokemon/412.png
Wormadam-plant,413,542,https://raw.githubusercontent.com/PokeAPI/sprites/master/sprites/pokemon/413.png
Mothim,414,545,https://raw.githubusercontent.com/PokeAPI/sprites/master/sprites/pokemon/414.png
Combee,415,546,https://raw.githubusercontent.com/PokeAPI/sprites/master/sprites/pokemon/415.png
Vespiquen,416,547,https://raw.githubusercontent.com/PokeAPI/sprites/master/sprites/pokemon/416.png
Pachirisu,417,548,https://raw.githubusercontent.com/PokeAPI/sprites/master/sprites/pokemon/417.png
Buizel,418,549,https://raw.githubusercontent.com/PokeAPI/sprites/master/sprites/pokemon/418.png
Floatzel,419,550,https://raw.githubusercontent.com/PokeAPI/sprites/master/sprites/pokemon/419.png
Cherubi,420,551,https://raw.githubusercontent.com/PokeAPI/sprites/master/sprites/pokemon/420.png
Cherrim,421,552,https://raw.githubusercontent.com/PokeAPI/sprites/master/sprites/pokemon/421.png
Shellos,422,553,https://raw.githubusercontent.com/PokeAPI/sprites/master/sprites/pokemon/422.png
Gastrodon,423,554,https://raw.githubusercontent.com/PokeAPI/sprites/master/sprites/pokemon/423.png
Ambipom,424,286,https://raw.githubusercontent.com/PokeAPI/sprites/master/sprites/pokemon/424.png
Drifloon,425,555,https://raw.githubusercontent.com/PokeAPI/sprites/master/sprites/pokemon/425.png
Drifblim,426,556,https://raw.githubusercontent.com/PokeAPI/sprites/master/sprites/pokemon/426.png
Buneary,427,557,https://raw.githubusercontent.com/PokeAPI/sprites/master/sprites/pokemon/427.png
Lopunny,428,558,https://raw.githubusercontent.com/PokeAPI/sprites/master/sprites/pokemon/428.png
Mismagius,429,296,https://raw.githubusercontent.com/PokeAPI/sprites/master/sprites/pokemon/429.png
Honchkrow,430,294,https://raw.githubusercontent.com/PokeAPI/sprites/master/sprites/pokemon/430.png
Glameow,431,560,https://raw.githubusercontent.com/PokeAPI/sprites/master/sprites/pokemon/431.png
Purugly,432,561,https://raw.githubusercontent.com/PokeAPI/sprites/master/sprites/pokemon/432.png
Chingling,433,476,https://raw.githubusercontent.com/PokeAPI/sprites/master/sprites/pokemon/433.png
Stunky,434,562,https://raw.githubusercontent.com/PokeAPI/sprites/master/sprites/pokemon/434.png
Skuntank,435,563,https://raw.githubusercontent.com/PokeAPI/sprites/master/sprites/pokemon/435.png
Bronzor,436,564,https://raw.githubusercontent.com/PokeAPI/sprites/master/sprites/pokemon/436.png
Bronzong,437,565,https://raw.githubusercontent.com/PokeAPI/sprites/master/sprites/pokemon/437.png
Bonsly,438,280,https://raw.githubusercontent.com/PokeAPI/sprites/master/sprites/pokemon/438.png
Mime-jr,439,193,https://raw.githubusercontent.com/PokeAPI/sprites/master/sprites/pokemon/439.png
Happiny,440,179,https://raw.githubusercontent.com/PokeAPI/sprites/master/sprites/pokemon/440.png
Chatot,441,566,https://raw.githubusercontent.com/PokeAPI/sprites/master/sprites/pokemon/441.png
Spiritomb,442,567,https://raw.githubusercontent.com/PokeAPI/sprites/master/sprites/pokemon/442.png
Gible,443,568,https://raw.githubusercontent.com/PokeAPI/sprites/master/sprites/pokemon/443.png
Gabite,444,569,https://raw.githubusercontent.com/PokeAPI/sprites/master/sprites/pokemon/444.png
Garchomp,445,570,https://raw.githubusercontent.com/PokeAPI/sprites/master/sprites/pokemon/445.png
Munchlax,446,234,https://raw.githubusercontent.com/PokeAPI/sprites/master/sprites/pokemon/446.png
Riolu,447,572,https://raw.githubusercontent.com/PokeAPI/sprites/master/sprites/pokemon/447.png
Lucario,448,573,https://raw.githubusercontent.com/PokeAPI/sprites/master/sprites/pokemon/448.png
Hippopotas,449,575,https://raw.githubusercontent.com/PokeAPI/sprites/master/sprites/pokemon/449.png
Hippowdon,450,576,https://raw.githubusercontent.com/PokeAPI/sprites/master/sprites/pokemon/450.png
Skorupi,451,577,https://raw.githubusercontent.com/PokeAPI/sprites/master/sprites/pokemon/451.png
Drapion,452,578,https://raw.githubusercontent.com/PokeAPI/sprites/master/sprites/pokemon/452.png
Croagunk,453,579,https://raw.githubusercontent.com/PokeAPI/sprites/master/sprites/pokemon/453.png
Toxicroak,454,580,https://raw.githubusercontent.com/PokeAPI/sprites/master/sprites/pokemon/454.png
Carnivine,455,581,https://raw.githubusercontent.com/PokeAPI/sprites/master/sprites/pokemon/455.png
Finneon,456,582,https://raw.githubusercontent.com/PokeAPI/sprites/master/sprites/pokemon/456.png
Lumineon,457,583,https://raw.githubusercontent.com/PokeAPI/sprites/master/sprites/pokemon/457.png
Mantyke,458,326,https://raw.githubusercontent.com/PokeAPI/sprites/master/sprites/pokemon/458.png
Snover,459,584,https://raw.githubusercontent.com/PokeAPI/sprites/master/sprites/pokemon/459.png
Abomasnow,460,585,https://raw.githubusercontent.com/PokeAPI/sprites/master/sprites/pokemon/460.png
Weavile,461,313,https://raw.githubusercontent.com/PokeAPI/sprites/master/sprites/pokemon/461.png
Magnezone,462,134,https://raw.githubusercontent.com/PokeAPI/sprites/master/sprites/pokemon/462.png
Lickilicky,463,172,https://raw.githubusercontent.com/PokeAPI/sprites/master/sprites/pokemon/463.png
Rhyperior,464,178,https://raw.githubusercontent.com/PokeAPI/sprites/master/sprites/pokemon/464.png
Tangrowth,465,183,https://raw.githubusercontent.com/PokeAPI/sprites/master/sprites/pokemon/465.png
Electivire,466,203,https://raw.githubusercontent.com/PokeAPI/sprites/master/sprites/pokemon/466.png
Magmortar,467,206,https://raw.githubusercontent.com/PokeAPI/sprites/master/sprites/pokemon/467.png
Togekiss,468,270,https://raw.githubusercontent.com/PokeAPI/sprites/master/sprites/pokemon/468.png
Yanmega,469,290,https://raw.githubusercontent.com/PokeAPI/sprites/master/sprites/pokemon/469.png
Leafeon,470,222,https://raw.githubusercontent.com/PokeAPI/sprites/master/sprites/pokemon/470.png
Glaceon,471,223,https://raw.githubusercontent.com/PokeAPI/sprites/master/sprites/pokemon/471.png
Gliscor,472,305,https://raw.githubusercontent.com/PokeAPI/sprites/master/sprites/pokemon/472.png
Mamoswine,473,320,https://raw.githubusercontent.com/PokeAPI/sprites/master/sprites/pokemon/473.png
Porygon-z,474,227,https://raw.githubusercontent.com/PokeAPI/sprites/master/sprites/pokemon/474.png
Gallade,475,384,https://raw.githubusercontent.com/PokeAPI/sprites/master/sprites/pokemon/475.png
Probopass,476,402,https://raw.githubusercontent.com/PokeAPI/sprites/master/sprites/pokemon/476.png
Dusknoir,477,474,https://raw.githubusercontent.com/PokeAPI/sprites/master/sprites/pokemon/477.png
Froslass,478,483,https://raw.githubusercontent.com/PokeAPI/sprites/master/sprites/pokemon/478.png
Rotom,479,587,https://raw.githubusercontent.com/PokeAPI/sprites/master/sprites/pokemon/479.png
Uxie,480,593,https://raw.githubusercontent.com/PokeAPI/sprites/master/sprites/pokemon/480.png
Mesprit,481,594,https://raw.githubusercontent.com/PokeAPI/sprites/master/sprites/pokemon/481.png
Azelf,482,595,https://raw.githubusercontent.com/PokeAPI/sprites/master/sprites/pokemon/482.png
Dialga,483,596,https://raw.githubusercontent.com/PokeAPI/sprites/master/sprites/pokemon/483.png
Palkia,484,597,https://raw.githubusercontent.com/PokeAPI/sprites/master/sprites/pokemon/484.png
Heatran,485,598,https://raw.githubusercontent.com/PokeAPI/sprites/master/sprites/pokemon/485.png
Regigigas,486,599,https://raw.githubusercontent.com/PokeAPI/sprites/master/sprites/pokemon/486.png
Giratina-altered,487,600,https://raw.githubusercontent.com/PokeAPI/sprites/master/sprites/pokemon/487.png
Cresselia,488,602,https://raw.githubusercontent.com/PokeAPI/sprites/master/sprites/pokemon/488.png
Phione,489,603,https://raw.githubusercontent.com/PokeAPI/sprites/master/sprites/pokemon/489.png
Manaphy,490,604,https://raw.githubusercontent.com/PokeAPI/sprites/master/sprites/pokemon/490.png
Darkrai,491,605,https://raw.githubusercontent.com/PokeAPI/sprites/master/sprites/pokemon/491.png
Shaymin-land,492,606,https://raw.githubusercontent.com/PokeAPI/sprites/master/sprites/pokemon/492.png
Arceus,493,608,https://raw.githubusercontent.com/PokeAPI/sprites/master/sprites/pokemon/493.png
Victini,494,609,https://raw.githubusercontent.com/PokeAPI/sprites/master/sprites/pokemon/494.png
Snivy,495,610,https://raw.githubusercontent.com/PokeAPI/sprites/master/sprites/pokemon/495.png
Servine,496,611,https://raw.githubusercontent.com/PokeAPI/sprites/master/sprites/pokemon/496.png
Serperior,497,612,https://raw.githubusercontent.com/PokeAPI/sprites/master/sprites/pokemon/497.png
Tepig,498,613,https://raw.githubusercontent.com/PokeAPI/sprites/master/sprites/pokemon/498.png
Pignite,499,614,https://raw.githubusercontent.com/PokeAPI/sprites/master/sprites/pokemon/499.png
Emboar,500,615,https://raw.githubusercontent.com/PokeAPI/sprites/master/sprites/pokemon/500.png
Oshawott,501,616,https://raw.githubusercontent.com/PokeAPI/sprites/master/sprites/pokemon/501.png
Dewott,502,617,https://raw.githubusercontent.com/PokeAPI/sprites/master/sprites/pokemon/502.png
Samurott,503,618,https://raw.githubusercontent.com/PokeAPI/sprites/master/sprites/pokemon/503.png
Patrat,504,619,https://raw.githubusercontent.com/PokeAPI/sprites/master/sprites/pokemon/504.png
Watchog,505,620,https://raw.githubusercontent.com/PokeAPI/sprites/master/sprites/pokemon/505.png
Lillipup,506,621,https://raw.githubusercontent.com/PokeAPI/sprites/master/sprites/pokemon/506.png
Herdier,507,622,https://raw.githubusercontent.com/PokeAPI/sprites/master/sprites/pokemon/507.png
Stoutland,508,623,https://raw.githubusercontent.com/PokeAPI/sprites/master/sprites/pokemon/508.png
Purrloin,509,624,https://raw.githubusercontent.com/PokeAPI/sprites/master/sprites/pokemon/509.png
Liepard,510,625,https://raw.githubusercontent.com/PokeAPI/sprites/master/sprites/pokemon/510.png
Pansage,511,626,https://raw.githubusercontent.com/PokeAPI/sprites/master/sprites/pokemon/511.png
Simisage,512,627,https://raw.githubusercontent.com/PokeAPI/sprites/master/sprites/pokemon/512.png
Pansear,513,628,https://raw.githubusercontent.com/PokeAPI/sprites/master/sprites/pokemon/513.png
Simisear,514,629,https://raw.githubusercontent.com/PokeAPI/sprites/master/sprites/pokemon/514.png
Panpour,515,630,https://raw.githubusercontent.com/PokeAPI/sprites/master/sprites/pokemon/515.png
Simipour,516,631,https://raw.githubusercontent.com/PokeAPI/sprites/master/sprites/pokemon/516.png
Munna,517,632,https://raw.githubusercontent.com/PokeAPI/sprites/master/sprites/pokemon/517.png
Musharna,518,633,https://raw.githubusercontent.com/PokeAPI/sprites/master/sprites/pokemon/518.png
Pidove,519,634,https://raw.githubusercontent.com/PokeAPI/sprites/master/sprites/pokemon/519.png
Tranquill,520,635,https://raw.githubusercontent.com/PokeAPI/sprites/master/sprites/pokemon/520.png
Unfezant,521,636,https://raw.githubusercontent.com/PokeAPI/sprites/master/sprites/pokemon/521.png
Blitzle,522,637,https://raw.githubusercontent.com/PokeAPI/sprites/master/sprites/pokemon/522.png
Zebstrika,523,638,https://raw.githubusercontent.com/PokeAPI/sprites/master/sprites/pokemon/523.png
Roggenrola,524,639,https://raw.githubusercontent.com/PokeAPI/sprites/master/sprites/pokemon/524.png
Boldore,525,640,https://raw.githubusercontent.com/PokeAPI/sprites/master/sprites/pokemon/525.png
Gigalith,526,641,https://raw.githubusercontent.com/PokeAPI/sprites/master/sprites/pokemon/526.png
Woobat,527,642,https://raw.githubusercontent.com/PokeAPI/sprites/master/sprites/pokemon/527.png
Swoobat,528,643,https://raw.githubusercontent.com/PokeAPI/sprites/master/sprites/pokemon/528.png
Drilbur,529,644,https://raw.githubusercontent.com/PokeAPI/sprites/master/sprites/pokemon/529.png
Excadrill,530,645,https://raw.githubusercontent.com/PokeAPI/sprites/master/sprites/pokemon/530.png
Audino,531,646,https://raw.githubusercontent.com/PokeAPI/sprites/master/sprites/pokemon/531.png
Timburr,532,648,https://raw.githubusercontent.com/PokeAPI/sprites/master/sprites/pokemon/532.png
Gurdurr,533,649,https://raw.githubusercontent.com/PokeAPI/sprites/master/sprites/pokemon/533.png
Conkeldurr,534,650,https://raw.githubusercontent.com/PokeAPI/sprites/master/sprites/pokemon/534.png
Tympole,535,651,https://raw.githubusercontent.com/PokeAPI/sprites/master/sprites/pokemon/535.png
Palpitoad,536,652,https://raw.githubusercontent.com/PokeAPI/sprites/master/sprites/pokemon/536.png
Seismitoad,537,653,https://raw.githubusercontent.com/PokeAPI/sprites/master/sprites/pokemon/537.png
Throh,538,654,https://raw.githubusercontent.com/PokeAPI/sprites/master/sprites/pokemon/538.png
Sawk,539,655,https://raw.githubusercontent.com/PokeAPI/sprites/master/sprites/pokemon/539.png
Sewaddle,540,656,https://raw.githubusercontent.com/PokeAPI/sprites/master/sprites/pokemon/540.png
Swadloon,541,657,https://raw.githubusercontent.com/PokeAPI/sprites/master/sprites/pokemon/541.png
Leavanny,542,658,https://raw.githubusercontent.com/PokeAPI/sprites/master/sprites/pokemon/542.png
Venipede,543,659,https://raw.githubusercontent.com/PokeAPI/sprites/master/sprites/pokemon/543.png
Whirlipede,544,660,https://raw.githubusercontent.com/PokeAPI/sprites/master/sprites/pokemon/544.png
Scolipede,545,661,https://raw.githubusercontent.com/PokeAPI/sprites/master/sprites/pokemon/545.png
Cottonee,546,662,https://raw.githubusercontent.com/PokeAPI/sprites/master/sprites/pokemon/546.png
Whimsicott,547,663,https://raw.githubusercontent.com/PokeAPI/sprites/master/sprites/pokemon/547.png
Petilil,548,664,https://raw.githubusercontent.com/PokeAPI/sprites/master/sprites/pokemon/548.png
Lilligant,549,665,https://raw.githubusercontent.com/PokeAPI/sprites/master/sprites/pokemon/549.png
Basculin-red-striped,550,666,https://raw.githubusercontent.com/PokeAPI/sprites/master/sprites/pokemon/550.png
Sandile,551,668,https://raw.githubusercontent.com/PokeAPI/sprites/master/sprites/pokemon/551.png
Krokorok,552,669,https://raw.githubusercontent.com/PokeAPI/sprites/master/sprites/pokemon/552.png
Krookodile,553,670,https://raw.githubusercontent.com/PokeAPI/sprites/master/sprites/pokemon/553.png
Darumaka,554,671,https://raw.githubusercontent.com/PokeAPI/sprites/master/sprites/pokemon/554.png
Darmanitan-standard,555,673,https://raw.githubusercontent.com/PokeAPI/sprites/master/sprites/pokemon/555.png
Maractus,556,677,https://raw.githubusercontent.com/PokeAPI/sprites/master/sprites/pokemon/556.png
Dwebble,557,678,https://raw.githubusercontent.com/PokeAPI/sprites/master/sprites/pokemon/557.png
Crustle,558,679,https://raw.githubusercontent.com/PokeAPI/sprites/master/sprites/pokemon/558.png
Scraggy,559,680,https://raw.githubusercontent.com/PokeAPI/sprites/master/sprites/pokemon/559.png
Scrafty,560,681,https://raw.githubusercontent.com/PokeAPI/sprites/master/sprites/pokemon/560.png
Sigilyph,561,682,https://raw.githubusercontent.com/PokeAPI/sprites/master/sprites/pokemon/561.png
Yamask,562,683,https://raw.githubusercontent.com/PokeAPI/sprites/master/sprites/pokemon/562.png
Cofagrigus,563,685,https://raw.githubusercontent.com/PokeAPI/sprites/master/sprites/pokemon/563.png
Tirtouga,564,686,https://raw.githubusercontent.com/PokeAPI/sprites/master/sprites/pokemon/564.png
Carracosta,565,687,https://raw.githubusercontent.com/PokeAPI/sprites/master/sprites/pokemon/565.png
Archen,566,688,https://raw.githubusercontent.com/PokeAPI/sprites/master/sprites/pokemon/566.png
Archeops,567,689,https://raw.githubusercontent.com/PokeAPI/sprites/master/sprites/pokemon/567.png
Trubbish,568,690,https://raw.githubusercontent.com/PokeAPI/sprites/master/sprites/pokemon/568.png
Garbodor,569,691,https://raw.githubusercontent.com/PokeAPI/sprites/master/sprites/pokemon/569.png
Zorua,570,692,https://raw.githubusercontent.com/PokeAPI/sprites/master/sprites/pokemon/570.png
Zoroark,571,693,https://raw.githubusercontent.com/PokeAPI/sprites/master/sprites/pokemon/571.png
Minccino,572,694,https://raw.githubusercontent.com/PokeAPI/sprites/master/sprites/pokemon/572.png
Cinccino,573,695,https://raw.githubusercontent.com/PokeAPI/sprites/master/sprites/pokemon/573.png
Gothita,574,696,https://raw.githubusercontent.com/PokeAPI/sprites/master/sprites/pokemon/574.png
Gothorita,575,697,https://raw.githubusercontent.com/PokeAPI/sprites/master/sprites/pokemon/575.png
Gothitelle,576,698,https://raw.githubusercontent.com/PokeAPI/sprites/master/sprites/pokemon/576.png
Solosis,577,699,https://raw.githubusercontent.com/PokeAPI/sprites/master/sprites/pokemon/577.png
Duosion,578,700,https://raw.githubusercontent.com/PokeAPI/sprites/master/sprites/pokemon/578.png
Reuniclus,579,701,https://raw.githubusercontent.com/PokeAPI/sprites/master/sprites/pokemon/579.png
Ducklett,580,702,https://raw.githubusercontent.com/PokeAPI/sprites/master/sprites/pokemon/580.png
Swanna,581,703,https://raw.githubusercontent.com/PokeAPI/sprites/master/sprites/pokemon/581.png
Vanillite,582,704,https://raw.githubusercontent.com/PokeAPI/sprites/master/sprites/pokemon/582.png
Vanillish,583,705,https://raw.githubusercontent.com/PokeAPI/sprites/master/sprites/pokemon/583.png
Vanilluxe,584,706,https://raw.githubusercontent.com/PokeAPI/sprites/master/sprites/pokemon/584.png
Deerling,585,707,https://raw.githubusercontent.com/PokeAPI/sprites/master/sprites/pokemon/585.png
Sawsbuck,586,708,https://raw.githubusercontent.com/PokeAPI/sprites/master/sprites/pokemon/586.png
Emolga,587,709,https://raw.githubusercontent.com/PokeAPI/sprites/master/sprites/pokemon/587.png
Karrablast,588,710,https://raw.githubusercontent.com/PokeAPI/sprites/master/sprites/pokemon/588.png
Escavalier,589,711,https://raw.githubusercontent.com/PokeAPI/sprites/master/sprites/pokemon/589.png
Foongus,590,712,https://raw.githubusercontent.com/PokeAPI/sprites/master/sprites/pokemon/590.png
Amoonguss,591,713,https://raw.githubusercontent.com/PokeAPI/sprites/master/sprites/pokemon/591.png
Frillish,592,714,https://raw.githubusercontent.com/PokeAPI/sprites/master/sprites/pokemon/592.png
Jellicent,593,715,https://raw.githubusercontent.com/PokeAPI/sprites/master/sprites/pokemon/593.png
Alomomola,594,716,https://raw.githubusercontent.com/PokeAPI/sprites/master/sprites/pokemon/594.png
Joltik,595,717,https://raw.githubusercontent.com/PokeAPI/sprites/master/sprites/pokemon/595.png
Galvantula,596,718,https://raw.githubusercontent.com/PokeAPI/sprites/master/sprites/pokemon/596.png
Ferroseed,597,719,https://raw.githubusercontent.com/PokeAPI/sprites/master/sprites/pokemon/597.png
Ferrothorn,598,720,https://raw.githubusercontent.com/PokeAPI/sprites/master/sprites/pokemon/598.png
Klink,599,721,https://raw.githubusercontent.com/PokeAPI/sprites/master/sprites/pokemon/599.png
Klang,600,722,https://raw.githubusercontent.com/PokeAPI/sprites/master/sprites/pokemon/600.png
Klinklang,601,723,https://raw.githubusercontent.com/PokeAPI/sprites/master/sprites/pokemon/601.png
Tynamo,602,724,https://raw.githubusercontent.com/PokeAPI/sprites/master/sprites/pokemon/602.png
Eelektrik,603,725,https://raw.githubusercontent.com/PokeAPI/sprites/master/sprites/pokemon/603.png
Eelektross,604,726,https://raw.githubusercontent.com/PokeAPI/sprites/master/sprites/pokemon/604.png
Elgyem,605,727,https://raw.githubusercontent.com/PokeAPI/sprites/master/sprites/pokemon/605.png
Beheeyem,606,728,https://raw.githubusercontent.com/PokeAPI/sprites/master/sprites/pokemon/606.png
Litwick,607,729,https://raw.githubusercontent.com/PokeAPI/sprites/master/sprites/pokemon/607.png
Lampent,608,730,https://raw.githubusercontent.com/PokeAPI/sprites/master/sprites/pokemon/608.png
Chandelure,609,731,https://raw.githubusercontent.com/PokeAPI/sprites/master/sprites/pokemon/609.png
Axew,610,732,https://raw.githubusercontent.com/PokeAPI/sprites/master/sprites/pokemon/610.png
Fraxure,611,733,https://raw.githubusercontent.com/PokeAPI/sprites/master/sprites/pokemon/611.png
Haxorus,612,734,https://raw.githubusercontent.com/PokeAPI/sprites/master/sprites/pokemon/612.png
Cubchoo,613,735,https://raw.githubusercontent.com/PokeAPI/sprites/master/sprites/pokemon/613.png
Beartic,614,736,https://raw.githubusercontent.com/PokeAPI/sprites/master/sprites/pokemon/614.png
Cryogonal,615,737,https://raw.githubusercontent.com/PokeAPI/sprites/master/sprites/pokemon/615.png
Shelmet,616,738,https://raw.githubusercontent.com/PokeAPI/sprites/master/sprites/pokemon/616.png
Accelgor,617,739,https://raw.githubusercontent.com/PokeAPI/sprites/master/sprites/pokemon/617.png
Stunfisk,618,740,https://raw.githubusercontent.com/PokeAPI/sprites/master/sprites/pokemon/618.png
Mienfoo,619,742,https://raw.githubusercontent.com/PokeAPI/sprites/master/sprites/pokemon/619.png
Mienshao,620,743,https://raw.githubusercontent.com/PokeAPI/sprites/master/sprites/pokemon/620.png
Druddigon,621,744,https://raw.githubusercontent.com/PokeAPI/sprites/master/sprites/pokemon/621.png
Golett,622,745,https://raw.githubusercontent.com/PokeAPI/sprites/master/sprites/pokemon/622.png
Golurk,623,746,https://raw.githubusercontent.com/PokeAPI/sprites/master/sprites/pokemon/623.png
Pawniard,624,747,https://raw.githubusercontent.com/PokeAPI/sprites/master/sprites/pokemon/624.png
Bisharp,625,748,https://raw.githubusercontent.com/PokeAPI/sprites/master/sprites/pokemon/625.png
Bouffalant,626,749,https://raw.githubusercontent.com/PokeAPI/sprites/master/sprites/pokemon/626.png
Rufflet,627,750,https://raw.githubusercontent.com/PokeAPI/sprites/master/sprites/pokemon/627.png
Braviary,628,751,https://raw.githubusercontent.com/PokeAPI/sprites/master/sprites/pokemon/628.png
Vullaby,629,752,https://raw.githubusercontent.com/PokeAPI/sprites/master/sprites/pokemon/629.png
Mandibuzz,630,753,https://raw.githubusercontent.com/PokeAPI/sprites/master/sprites/pokemon/630.png
Heatmor,631,754,https://raw.githubusercontent.com/PokeAPI/sprites/master/sprites/pokemon/631.png
Durant,632,755,https://raw.githubusercontent.com/PokeAPI/sprites/master/sprites/pokemon/632.png
Deino,633,756,https://raw.githubusercontent.com/PokeAPI/sprites/master/sprites/pokemon/633.png
Zweilous,634,757,https://raw.githubusercontent.com/PokeAPI/sprites/master/sprites/pokemon/634.png
Hydreigon,635,758,https://raw.githubusercontent.com/PokeAPI/sprites/master/sprites/pokemon/635.png
Larvesta,636,759,https://raw.githubusercontent.com/PokeAPI/sprites/master/sprites/pokemon/636.png
Volcarona,637,760,https://raw.githubusercontent.com/PokeAPI/sprites/master/sprites/pokemon/637.png
Cobalion,638,761,https://raw.githubusercontent.com/PokeAPI/sprites/master/sprites/pokemon/638.png
Terrakion,639,762,https://raw.githubusercontent.com/PokeAPI/sprites/master/sprites/pokemon/639.png
Virizion,640,763,https://raw.githubusercontent.com/PokeAPI/sprites/master/sprites/pokemon/640.png
Tornadus-incarnate,641,764,https://raw.githubusercontent.com/PokeAPI/sprites/master/sprites/pokemon/641.png
Thundurus-incarnate,642,766,https://raw.githubusercontent.com/PokeAPI/sprites/master/sprites/pokemon/642.png
Reshiram,643,768,https://raw.githubusercontent.com/PokeAPI/sprites/master/sprites/pokemon/643.png
Zekrom,644,769,https://raw.githubusercontent.com/PokeAPI/sprites/master/sprites/pokemon/644.png
Landorus-incarnate,645,770,https://raw.githubusercontent.com/PokeAPI/sprites/master/sprites/pokemon/645.png
Kyurem,646,772,https://raw.githubusercontent.com/PokeAPI/sprites/master/sprites/pokemon/646.png
Keldeo-ordinary,647,775,https://raw.githubusercontent.com/PokeAPI/sprites/master/sprites/pokemon/647.png
Meloetta-aria,648,777,https://raw.githubusercontent.com/PokeAPI/sprites/master/sprites/pokemon/648.png
Genesect,649,779,https://raw.githubusercontent.com/PokeAPI/sprites/master/sprites/pokemon/649.png
